alphabet,freq
A,0.414788899642
B,0.586346963204
C,0.933482511428
D,0.901164040652
E,0.976562859272
F,0.431331367415
G,0.215654972062
H,0.0979109052943
I,0.618999776602
J,0.0470083677113
K,0.669717974239
L,0.320181682921
M,0.729033290525
N,0.4149527327
O,0.294785734414
P,0.236552259462
Q,0.438413798709
R,0.0119152134643
S,0.104558261092
T,0.317504719314
U,0.910608884711
V,0.34619336178
W,0.714375861783
X,0.435694133027
Y,0.330939882974
Z,0.609386401304
